Country,lon,lat
Zimbabwe,29.851013379676168,-18.997046809067218
Zambia,27.808581875598183,-13.455525493308903
Yemen,47.567787255202546,15.91728068185997
Vietnam,106.34650781487963,16.54429751476791
Venezuela,-66.17054441322725,7.122274077470279
Vatican,12.433871744148018,41.90174986291686
Vanuatu,167.67534594617393,-16.216969032855616
Uzbekistan,63.303092552350606,41.775400752503636
Uruguay,-56.025205737611664,-32.79134091244499
Federated States of Micronesia,153.32271851977063,7.530892089578006
Marshall Islands,170.3425825338775,7.00279122625452
Northern Mariana Islands,145.61809472646888,15.817113996134827
United States Virgin Islands,-64.80287132247226,17.954567860767327
Guam,144.76785188051147,13.441629384256666
American Samoa,-170.7180188762607,-14.304466317458697
Puerto Rico,-66.47306823110844,18.228579936088867
United States of America,-103.62956280974424,44.74373159082126
South Georgia and the Islands,-36.48742477585991,-54.46339255850537
British Indian Ocean Territory,72.44541071632787,-7.33059326070352
Saint Helena,-9.674197527779427,-12.379242477469317
Pitcairn Islands,-128.31704433549098,-24.365003168102763
Anguilla,-63.064999686760714,18.22397259712944
Falkland Islands,-59.34988334557831,-51.74644131596165
Cayman Islands,-80.91349419009491,19.4298043928056
Bermuda,-64.75460022773382,32.31367806965704
British Virgin Islands,-64.4716169707363,18.52581269511758
Turks and Caicos Islands,-71.97390656305255,21.83062186799524
Montserrat,-62.18518502900228,16.73941241603232
Jersey,-2.126890720098209,49.21838745399699
Guernsey,-2.572404405927173,49.46810377684474
Isle of Man,-4.539038534130213,54.22409591387426
United Kingdom,-2.758142056330439,54.01164974612877
United Arab Emirates,54.29266977356909,23.905320327121004
Ukraine,31.315583848435377,49.19560823173951
Uganda,32.36866536956964,1.274231547393379
Turkmenistan,59.44642235988091,39.12547070992735
Turkey,35.1728012164006,39.13701331043797
Tunisia,9.556128801622371,34.088955486452505
Trinidad and Tobago,-61.26590185083753,10.45717257448732
Tonga,-174.80193119751326,-20.420512756907403
Togo,0.963859659570673,8.520779784822718
East Timor,125.84510782838684,-8.829321657923044
Thailand,101.00064849829911,15.082584951953617
United Republic of Tanzania,34.80181064134596,-6.268247790104617
Tajikistan,71.02685401923208,38.536549030717254
Taiwan,120.95146559018619,23.750204208294114
Syria,38.48446214064039,35.01677732587028
Switzerland,8.206281998124156,46.79889642719673
Sweden,16.26695018056198,62.38365607424293
eSwatini,31.48186961105198,-26.557546489339305
Suriname,-55.91243117427252,4.129848287854486
South Sudan,30.2513338314292,7.3086969454213575
Sudan,29.90746524572068,15.967966109559557
Sri Lanka,80.70163201858917,7.611038184516178
Spain,-3.703536252532036,40.20765398401546
South Korea,127.83477114816299,36.373367227329716
South Africa,25.193438224147595,-28.974208514441116
Somalia,45.67929283895279,4.7394062218941135
Somaliland,46.25301660804088,9.735702368865011
Solomon Islands,159.62234251597064,-8.923117165009065
Slovakia,19.468971774212562,48.711280810901265
Slovenia,14.800523261488326,46.11589047659146
Singapore,103.817255835084,1.358762240040157
Sierra Leone,-11.792611849827932,8.56249232471683
Seychelles,55.47602781845583,-4.6609897523017825
Republic of Serbia,20.806606289063094,44.211319830808264
Senegal,-14.469447947453547,14.364811093175101
Saudi Arabia,44.66317480529125,24.086557985041413
São Tomé and Principe,6.724216359640079,0.4438400918547908
San Marino,12.459215228352486,43.94186523533145
Samoa,-172.1653046085781,-13.75340088382667
Saint Vincent and the Grenadines,-61.201317403766964,13.224677030556677
Saint Lucia,-60.969710673636214,13.894772997268886
Saint Kitts and Nevis,-62.687467234058495,17.264578641728338
Rwanda,29.919982880348805,-1.9903249497732192
Russia,95.6413766734594,66.03172193364617
Romania,24.983181796396863,45.84841398366041
Qatar,51.184651677588725,25.304862356199486
Portugal,-8.528130281259472,39.60621030811328
Poland,19.419706287902866,52.11183561214399
Philippines,122.9192800779608,11.72934323099065
Peru,-74.42074158947497,-9.107149627259437
Paraguay,-58.443432990284975,-23.208909339152218
Papua New Guinea,145.20049671341394,-6.468581389763545
Panama,-80.11877624020535,8.52023299495937
Palau,134.4057809732822,7.286684737450951
Pakistan,69.16843955271331,29.883945354228477
Oman,56.06213064290028,20.585775129520002
Norway,12.745896580246201,66.36032289769228
North Korea,127.15912277937706,40.140074272879325
Nigeria,8.079586854238341,9.590945570096183
Niger,9.331610074345459,17.412007962950746
Nicaragua,-85.03194107361517,12.84499272075925
New Zealand,172.92134383992476,-41.70233372718418
Niue,-169.86994275834812,-19.049456179724103
Cook Islands,-159.78724303863964,-21.219273994211754
Netherlands,4.99154833318456,52.22691960090928
Aruba,-69.98266399221951,12.520878060142005
Curaçao,-68.97111792630227,12.195518411346427
Nepal,83.94684442534752,28.258042513952084
Nauru,166.93256824930862,-0.5191263784577964
Namibia,17.195019957489034,-22.069690013855066
Mozambique,35.602727744192414,-17.195857537030033
Morocco,-8.727847752068008,29.76685913718276
Western Sahara,-12.271496993232057,24.211729250060866
Montenegro,19.238630666900214,42.7880033111823
Mongolia,103.12397216191404,46.95620389055248
Moldova,28.465619168033435,47.18717283670143
Monaco,7.40627450663944,43.75274824120421
Mexico,-102.17098532395836,23.92415518486322
Mauritius,57.57126469549003,-20.277619585001833
Mauritania,-10.369916735172332,20.22069376776787
Malta,14.405376786768006,35.92147212267087
Mali,-3.5904730091616717,17.31513901451203
Maldives,73.45708054812312,3.7284611744052643
Malaysia,109.69934297070633,3.811140433067237
Malawi,34.2828475261884,-13.204425371177713
Madagascar,46.742890054388134,-19.31648369857136
North Macedonia,21.680595783449295,41.59519155835769
Luxembourg,6.0721581647692275,49.76678237167175
Lithuania,23.897099877574927,55.32377006198488
Liechtenstein,9.5357526010763891,47.13662659386299
Libya,18.06679321821868,27.016716392720845
Liberia,-9.319832618453036,6.451957665318154
Lesotho,28.228962109094883,-29.5790637000742
Lebanon,35.877695795640854,33.92159886822575
Latvia,24.920447008391992,56.85952164578425
Laos,103.77493440372464,18.4874182025194
Kyrgyzstan,74.50908613838372,41.474310359543225
Kuwait,47.58777967839277,29.333278575182295
Kosovo,20.87260301280508,42.570199257007104
Kiribati,-167.91969916077002,0.8929008088600912
Kenya,37.79622826715814,0.5994488365065361
Kazakhstan,67.24550262218885,48.36167091449599
Jordan,36.757683583901155,31.238702641837445
Japan,137.6600062659808,37.46088047559287
Jamaica,-77.31439583142861,18.157450872676606
Italy,12.201048504731768,42.71568614580387
Israel,34.99113819680126,31.432978642252852
Palestine,35.195479713946845,31.915220298420675
Ireland,-8.145718336207691,53.16253307647907
Iraq,43.77367610039911,33.00966640245123
Iran,54.44087560381349,32.52733594154731
Indonesia,117.17972980513929,-2.2640678135827765
India,79.56391093181026,22.77664303960867
Iceland,-18.580033661634047,64.99788412769288
Hungary,19.379267765675568,47.1659125111368
Honduras,-86.61761478647557,14.829080278153802
Haiti,-72.68676252790391,18.93457513645946
Guyana,-58.97992099271873,4.789642907600431
Guinea-Bissau,-14.949924057207486,12.047750788070472
Guinea,-10.934245987592456,10.437318748803067
Guatemala,-90.36721211796791,15.690119576851288
Grenada,-61.68221177193215,12.117242437507342
Greece,22.96428544230628,39.047959603655926
Ghana,-1.2169896404332603,7.947699712584653
Germany,10.364371589292613,51.05057720039199
Georgia,43.52425602662823,42.172941984875564
Gambia,-15.396323337399142,13.450953489963174
Gabon,11.7887417210203,-0.5864465779017811
France,-6.676141125115034,42.95514017651105
Saint Pierre and Miquelon,-56.30306035059773,46.919000205012836
Wallis and Futuna,-177.34431947989998,-13.888228722686316
Saint Martin,-63.05972894877067,18.088890776935855
Saint Barthelemy,-62.840676944632854,17.898805633036705
French Polynesia,-144.7854207428583,-14.71310787688225
New Caledonia,165.6797425760128,-21.3008860680882
French Southern and Antarctic Lands,69.19988471291948,-49.26831718728999
Aland,19.953553843598474,60.214867685600474
Finland,26.194973097453715,64.25513600002765
Fiji,178.51202823447073,-17.42754600958322
Ethiopia,39.60979228583622,8.614400650469033
Estonia,25.545032877343225,58.6729024249373
Eritrea,38.85727395225949,15.361124461746678
Equatorial Guinea,10.341727795299567,1.7054056331507816
El Salvador,-88.87095706807965,13.739863723829261
Egypt,29.878269665945982,26.459802903449802
Ecuador,-78.74929831943139,-1.424109851653568
Dominican Republic,-70.50524135649069,18.895115553038405
Dominica,-61.357700541351846,15.439435009185917
Djibouti,42.56007887989951,11.748306715529626
Greenland,-41.81367228366778,73.08121534569094
Faroe Islands,-6.8804614449507095,62.05226250844933
Denmark,10.042211774911003,55.97498217099483
Czechia,15.319440709960443,49.73799668128038
Northern Cyprus,33.56753964611108,35.2631728156028
Cyprus,33.00581030462204,34.91708733807884
Cuba,-78.98705412942007,21.637935340166706
Croatia,16.401052928100896,45.07589276948463
Ivory Coast,-5.569102942735855,7.625878368311423
Costa Rica,-84.18986953318536,9.976131265055056
Democratic Republic of the Congo,23.63774723807929,-2.865488031406876
Republic of the Congo,15.221142337405276,-0.836992413922509
Comoros,43.68165678594181,-11.877908568325992
Colombia,-73.07703226574134,3.9034800533900924
China,103.37804953979274,36.69140669345146
Macao S.A.R,113.50931974360167,22.223117554311308
Hong Kong S.A.R.,114.1137500897092,22.398260914215953
Chile,-71.05619085495837,-36.07624655390582
Chad,18.634997495747648,15.275359409769381
Central African Republic,20.461832981489685,6.572299164266934
Cabo Verde,-23.956544022658164,15.95330551583823
Canada,-96.5486267280136,60.41776698438469
Cameroon,12.733943967668143,5.681168003162897
Cambodia,104.90533757185675,12.719494903029029
Myanmar,96.49475560405618,21.112906888883465
Burundi,29.875228417077654,-3.3592151438157476
Burkina Faso,-1.7611383121238744,12.27072624878599
Bulgaria,25.209132623771715,42.77124104978977
Brunei,114.72196619591497,4.5196837365588305
Brazil,-53.215733923741304,-10.639048767332707
Botswana,23.808612894002028,-22.16524478709958
Bosnia and Herzegovina,17.77489156905741,44.171474332882234
Bolivia,-64.69843861968252,-16.681984235150747
Bhutan,90.40215959871236,27.412137795939046
Benin,2.3266146447462805,9.635612234306965
Belize,-88.71106761807934,17.19829887063732
Belgium,4.645938194702398,50.63889496311262
Belarus,28.014955094802563,53.51952055703963
Barbados,-59.55978512281236,13.181449807744775
Bangladesh,90.24710411518707,23.860666136535563
Bahrain,50.54199335587832,26.041963777013656
The Bahamas,-76.59016033266911,24.280018782810973
Azerbaijan,47.54784166502395,40.28666184095767
Austria,14.110430066704852,47.592293442958706
Australia,134.30382912393384,-25.764181552307942
Indian Ocean Territories,104.86285796084968,-10.657154104335804
Heard Island and McDonald Islands,73.5203521526315,-53.087265134889236
Norfolk Island,167.94921555626507,-29.05145988758453
Ashmore and Cartier Islands,123.5838378668256,-12.429931831802504
Armenia,44.938311801133466,40.28732777342889
Argentina,-64.76261489391939,-34.68398767122581
Antigua and Barbuda,-61.794672165664345,17.277104035323703
Angola,17.5317833661526,-12.270613926548416
Andorra,1.560524680303185,42.54228639431242
Algeria,2.6311884137834727,28.05599342211892
Albania,20.051845908169884,41.13487368885515
Afghanistan,65.92599980294847,33.81875642614741
Siachen Glacier,77.18017884381179,35.39241568508488
Antarctica,82.07066892397167,-84.93859294978175
Sint Maarten,-63.057133615275625,18.050822528473283
Tuvalu,179.20556518701565,-8.503450593203175
